{
    "adaptive_bed_mesh_margin": "0",
    "auxiliary_fan": "0",
    "bbl_use_printhost": "0",
    "bed_custom_model": "",
    "bed_custom_texture": "",
    "bed_exclude_area": [
        "0x0"
    ],
    "bed_mesh_max": "99999,99999",
    "bed_mesh_min": "-99999,-99999",
    "bed_mesh_probe_distance": "50,50",
    "before_layer_change_gcode": ";BEFORE_LAYER_CHANGE\n;[layer_z]\nG92 E0\n",
    "best_object_pos": "0.5,0.5",
    "change_extrusion_role_gcode": "",
    "change_filament_gcode": "M600",
    "cooling_tube_length": "5",
    "cooling_tube_retraction": "91.5",
    "default_filament_profile": [
        "FLSun Generic PLA"
    ],
    "default_print_profile": "0.20mm Standard @FLSun Q5",
    "deretraction_speed": [
        "30"
    ],
    "disable_m73": "0",
    "emit_machine_limits_to_gcode": "1",
    "enable_filament_ramming": "1",
    "enable_long_retraction_when_cut": "0",
    "extra_loading_move": "-2",
    "extruder_clearance_height_to_lid": "140",
    "extruder_clearance_height_to_rod": "36",
    "extruder_clearance_radius": "65",
    "extruder_colour": [
        "#FCE94F"
    ],
    "extruder_offset": [
        "0x0"
    ],
    "fan_kickstart": "0",
    "fan_speedup_overhangs": "1",
    "fan_speedup_time": "0",
    "from": "User",
    "gcode_flavor": "klipper",
    "head_wrap_detect_zone": [],
    "high_current_on_filament_swap": "0",
    "host_type": "octoprint",
    "inherits": "FLSun Q5 0.4 nozzle",
    "is_custom_defined": "0",
    "layer_change_gcode": ";AFTER_LAYER_CHANGE\n;[layer_z]",
    "long_retractions_when_cut": [
        "0"
    ],
    "machine_end_gcode": "END_PRINT",
    "machine_load_filament_time": "0",
    "machine_max_acceleration_e": [
        "5000",
        "5000"
    ],
    "machine_max_acceleration_extruding": [
        "20000",
        "20000"
    ],
    "machine_max_acceleration_retracting": [
        "5000",
        "5000"
    ],
    "machine_max_acceleration_travel": [
        "20000",
        "20000"
    ],
    "machine_max_acceleration_x": [
        "20000",
        "20000"
    ],
    "machine_max_acceleration_y": [
        "20000",
        "20000"
    ],
    "machine_max_acceleration_z": [
        "500",
        "200"
    ],
    "machine_max_jerk_e": [
        "2.5",
        "2.5"
    ],
    "machine_max_jerk_x": [
        "50",
        "9"
    ],
    "machine_max_jerk_y": [
        "50",
        "9"
    ],
    "machine_max_jerk_z": [
        "0.2",
        "0.4"
    ],
    "machine_max_speed_e": [
        "25",
        "25"
    ],
    "machine_max_speed_x": [
        "500",
        "200"
    ],
    "machine_max_speed_y": [
        "500",
        "200"
    ],
    "machine_max_speed_z": [
        "20",
        "12"
    ],
    "machine_min_extruding_rate": [
        "0",
        "0"
    ],
    "machine_min_travel_rate": [
        "0",
        "0"
    ],
    "machine_pause_gcode": "PAUSE",
    "machine_start_gcode": "START_PRINT EXTRUDER_TEMP=[first_layer_temperature] BED_TEMP=[first_layer_bed_temperature];",
    "machine_unload_filament_time": "0",
    "manual_filament_change": "0",
    "max_layer_height": [
        "0.32"
    ],
    "min_layer_height": [
        "0.1"
    ],
    "name": "Doron Velta",
    "nozzle_diameter": [
        "0.4"
    ],
    "nozzle_height": "4",
    "nozzle_hrc": "0",
    "nozzle_type": "brass",
    "nozzle_volume": "0",
    "parking_pos_retraction": "92",
    "preferred_orientation": "0",
    "printable_area": [
        "64.7527x5.66512",
        "64.0125x11.2871",
        "62.7852x16.8232",
        "61.08x22.2313",
        "58.91x27.4702",
        "56.2917x32.5",
        "53.2449x37.2825",
        "49.7929x41.7812",
        "45.9619x45.9619",
        "41.7812x49.7929",
        "37.2825x53.2449",
        "32.5x56.2917",
        "27.4702x58.91",
        "22.2313x61.08",
        "16.8232x62.7852",
        "11.2871x64.0125",
        "5.66512x64.7527",
        "3.9801e-15x65",
        "-5.66512x64.7527",
        "-11.2871x64.0125",
        "-16.8232x62.7852",
        "-22.2313x61.08",
        "-27.4702x58.91",
        "-32.5x56.2917",
        "-37.2825x53.2449",
        "-41.7812x49.7929",
        "-45.9619x45.9619",
        "-49.7929x41.7812",
        "-53.2449x37.2825",
        "-56.2917x32.5",
        "-58.91x27.4702",
        "-61.08x22.2313",
        "-62.7852x16.8232",
        "-64.0125x11.2871",
        "-64.7527x5.66512",
        "-65x7.9602e-15",
        "-64.7527x-5.66512",
        "-64.0125x-11.2871",
        "-62.7852x-16.8232",
        "-61.08x-22.2313",
        "-58.91x-27.4702",
        "-56.2917x-32.5",
        "-53.2449x-37.2825",
        "-49.7929x-41.7812",
        "-45.9619x-45.9619",
        "-41.7812x-49.7929",
        "-37.2825x-53.2449",
        "-32.5x-56.2917",
        "-27.4702x-58.91",
        "-22.2313x-61.08",
        "-16.8232x-62.7852",
        "-11.2871x-64.0125",
        "-5.66512x-64.7527",
        "-1.19403e-14x-65",
        "5.66512x-64.7527",
        "11.2871x-64.0125",
        "16.8232x-62.7852",
        "22.2313x-61.08",
        "27.4702x-58.91",
        "32.5x-56.2917",
        "37.2825x-53.2449",
        "41.7812x-49.7929",
        "45.9619x-45.9619",
        "49.7929x-41.7812",
        "53.2449x-37.2825",
        "56.2917x-32.5",
        "58.91x-27.4702",
        "61.08x-22.2313",
        "62.7852x-16.8232",
        "64.0125x-11.2871",
        "64.7527x-5.66512",
        "65x-1.59204e-14"
    ],
    "printable_height": "160",
    "printer_model": "FLSun Q5",
    "printer_notes": "",
    "printer_settings_id": "Doron Velta",
    "printer_structure": "undefine",
    "printer_technology": "FFF",
    "printer_variant": "0.4",
    "printhost_authorization_type": "key",
    "printhost_ssl_ignore_revoke": "0",
    "printing_by_object_gcode": "",
    "purge_in_prime_tower": "1",
    "retract_before_wipe": [
        "70%"
    ],
    "retract_length_toolchange": [
        "2"
    ],
    "retract_lift_above": [
        "0"
    ],
    "retract_lift_below": [
        "0"
    ],
    "retract_lift_enforce": [
        "All Surfaces"
    ],
    "retract_restart_extra": [
        "0"
    ],
    "retract_restart_extra_toolchange": [
        "0"
    ],
    "retract_when_changing_layer": [
        "1"
    ],
    "retraction_distances_when_cut": [
        "18"
    ],
    "retraction_length": [
        "0"
    ],
    "retraction_minimum_travel": [
        "1"
    ],
    "retraction_speed": [
        "30"
    ],
    "scan_first_layer": "0",
    "silent_mode": "0",
    "single_extruder_multi_material": "1",
    "support_air_filtration": "1",
    "support_chamber_temp_control": "1",
    "support_multi_bed_types": "0",
    "template_custom_gcode": "",
    "thumbnails": "48x48/PNG, 300x300/PNG",
    "thumbnails_format": "PNG",
    "time_cost": "9000",
    "time_lapse_gcode": "",
    "upward_compatible_machine": [],
    "use_firmware_retraction": "1",
    "use_relative_e_distances": "1",
    "version": "2.1.1.0",
    "wipe": [
        "0"
    ],
    "wipe_distance": [
        "1"
    ],
    "z_hop": [
        "0"
    ],
    "z_hop_types": [
        "Normal Lift"
    ],
    "z_offset": "0"
}
