{
    "adaptive_bed_mesh_margin": "0",
    "auxiliary_fan": "1",
    "bbl_use_printhost": "0",
    "bed_custom_model": "",
    "bed_custom_texture": "E:\\\\Escritorio\\\\Plate EMEBE3D 2.svg",
    "bed_exclude_area": [
        "0x0"
    ],
    "bed_mesh_max": "99999,99999",
    "bed_mesh_min": "-99999,-99999",
    "bed_mesh_probe_distance": "50,50",
    "before_layer_change_gcode": "{if layer_num == 1 } PLAY_START_PRINT {endif};\n;{if layer_num == 4 && filament_type[0] == \"PLA\"} SET_FAN_SPEED FAN=RSCS SPEED=0.20 {endif};\n;{if layer_num == 10 && filament_type[0] == \"ABS\"} SET_FAN_SPEED FAN=RSCS SPEED=0.15 {endif};",
    "best_object_pos": "0.5,0.5",
    "change_extrusion_role_gcode": "",
    "change_filament_gcode": "M600",
    "cooling_tube_length": "5",
    "cooling_tube_retraction": "91.5",
    "default_filament_profile": [
        "My Generic ABS"
    ],
    "default_print_profile": "0.20mm Standard @MyKlipper",
    "deretraction_speed": [
        "30"
    ],
    "disable_m73": "0",
    "emit_machine_limits_to_gcode": "1",
    "enable_filament_ramming": "1",
    "enable_long_retraction_when_cut": "0",
    "extra_loading_move": "-2",
    "extruder_clearance_height_to_lid": "140",
    "extruder_clearance_height_to_rod": "36",
    "extruder_clearance_radius": "65",
    "extruder_colour": [
        "#FCE94F"
    ],
    "extruder_offset": [
        "0x0"
    ],
    "fan_kickstart": "0",
    "fan_speedup_overhangs": "1",
    "fan_speedup_time": "0",
    "from": "User",
    "gcode_flavor": "klipper",
    "head_wrap_detect_zone": [],
    "high_current_on_filament_swap": "0",
    "host_type": "octoprint",
    "inherits": "MyKlipper 0.4 nozzle",
    "is_custom_defined": "0",
    "layer_change_gcode": "M117 Layer {layer_num+1}/[total_layer_count] : {filament_settings_id[0]}\n{if layer_num > 1 } TIMELAPSE_TAKE_FRAME {endif}",
    "long_retractions_when_cut": [
        "0"
    ],
    "machine_end_gcode": "END_PRINT",
    "machine_load_filament_time": "0",
    "machine_max_acceleration_e": [
        "100000",
        "5000"
    ],
    "machine_max_acceleration_extruding": [
        "100000",
        "20000"
    ],
    "machine_max_acceleration_retracting": [
        "100000",
        "5000"
    ],
    "machine_max_acceleration_travel": [
        "20000",
        "20000"
    ],
    "machine_max_acceleration_x": [
        "100000",
        "20000"
    ],
    "machine_max_acceleration_y": [
        "100000",
        "20000"
    ],
    "machine_max_acceleration_z": [
        "100000",
        "200"
    ],
    "machine_max_jerk_e": [
        "2.5",
        "2.5"
    ],
    "machine_max_jerk_x": [
        "50",
        "9"
    ],
    "machine_max_jerk_y": [
        "50",
        "9"
    ],
    "machine_max_jerk_z": [
        "0.2",
        "0.4"
    ],
    "machine_max_speed_e": [
        "100",
        "25"
    ],
    "machine_max_speed_x": [
        "1500",
        "200"
    ],
    "machine_max_speed_y": [
        "1500",
        "200"
    ],
    "machine_max_speed_z": [
        "50",
        "12"
    ],
    "machine_min_extruding_rate": [
        "0",
        "0"
    ],
    "machine_min_travel_rate": [
        "0",
        "0"
    ],
    "machine_pause_gcode": "M601",
    "machine_start_gcode": "START_PRINT EXTRUDER_TEMP=[first_layer_temperature] BED_TEMP=[first_layer_bed_temperature];",
    "machine_unload_filament_time": "0",
    "manual_filament_change": "0",
    "max_layer_height": [
        "0.32"
    ],
    "min_layer_height": [
        "0.1"
    ],
    "name": "HSCore 0.4",
    "nozzle_diameter": [
        "0.4"
    ],
    "nozzle_height": "4",
    "nozzle_hrc": "0",
    "nozzle_type": "hardened_steel",
    "nozzle_volume": "0",
    "parking_pos_retraction": "92",
    "preferred_orientation": "0",
    "printable_area": [
        "0x0",
        "285x0",
        "285x270",
        "0x270"
    ],
    "printable_height": "295",
    "printer_model": "Generic Klipper Printer",
    "printer_notes": "",
    "printer_settings_id": "HSCore 0.4",
    "printer_structure": "undefine",
    "printer_technology": "FFF",
    "printer_variant": "0.4",
    "printhost_authorization_type": "key",
    "printhost_ssl_ignore_revoke": "0",
    "printing_by_object_gcode": "",
    "purge_in_prime_tower": "1",
    "retract_before_wipe": [
        "70%"
    ],
    "retract_length_toolchange": [
        "2"
    ],
    "retract_lift_above": [
        "0"
    ],
    "retract_lift_below": [
        "0"
    ],
    "retract_lift_enforce": [
        "All Surfaces"
    ],
    "retract_restart_extra": [
        "0"
    ],
    "retract_restart_extra_toolchange": [
        "0"
    ],
    "retract_when_changing_layer": [
        "1"
    ],
    "retraction_distances_when_cut": [
        "18"
    ],
    "retraction_length": [
        "0"
    ],
    "retraction_minimum_travel": [
        "1"
    ],
    "retraction_speed": [
        "30"
    ],
    "scan_first_layer": "0",
    "silent_mode": "0",
    "single_extruder_multi_material": "1",
    "support_air_filtration": "1",
    "support_chamber_temp_control": "1",
    "support_multi_bed_types": "0",
    "template_custom_gcode": "",
    "thumbnails": "48x48/PNG,300x300/PNG",
    "thumbnails_format": "PNG",
    "time_cost": "9000",
    "time_lapse_gcode": "",
    "upward_compatible_machine": [],
    "use_firmware_retraction": "1",
    "use_relative_e_distances": "1",
    "version": "1.6.1.0",
    "wipe": [
        "0"
    ],
    "wipe_distance": [
        "1"
    ],
    "z_hop": [
        "0"
    ],
    "z_hop_types": [
        "Normal Lift"
    ],
    "z_offset": "0"
}
