{
    "bottom_shell_layers": "4",
    "brim_type": "no_brim",
    "enable_arc_fitting": "1",
    "enable_prime_tower": "1",
    "from": "User",
    "inherits": "0.20mm Standard @Voron",
    "initial_layer_acceleration": "2000",
    "initial_layer_infill_speed": "100",
    "initial_layer_line_width": "95%",
    "initial_layer_speed": "100",
    "inner_wall_line_width": "100%",
    "internal_solid_infill_line_width": "112%",
    "is_custom_defined": "0",
    "line_width": "112%",
    "name": "0.20mm Standard @Voron - MMU",
    "only_one_wall_top": "1",
    "outer_wall_line_width": "105%",
    "overhang_speed_classic": "1",
    "prime_tower_brim_width": "0",
    "prime_volume": "180",
    "print_settings_id": "0.20mm Standard @Voron - MMU",
    "sparse_infill_line_width": "112%",
    "sparse_infill_pattern": "gyroid",
    "support_line_width": "95%",
    "support_type": "tree(auto)",
    "top_shell_layers": "6",
    "top_shell_thickness": "0",
    "top_surface_line_width": "100%",
    "travel_speed": "500",
    "version": "2.0.2.0",
    "wall_loops": "4",
    "wipe_tower_bridging": "1",
    "wipe_tower_max_purge_speed": "110",
    "xy_hole_compensation": "0.1"
}
