{
    "bottom_shell_layers": "4",
    "bottom_solid_infill_flow_ratio": "0.9",
    "brim_type": "no_brim",
    "default_acceleration": "15000",
    "default_jerk": "15",
    "from": "User",
    "infill_jerk": "50",
    "inherits": "0.20mm Standard @Voron",
    "initial_layer_acceleration": "10000",
    "initial_layer_infill_speed": "100",
    "initial_layer_jerk": "15",
    "initial_layer_line_width": "95%",
    "initial_layer_speed": "100",
    "inner_wall_acceleration": "6000",
    "inner_wall_jerk": "10",
    "inner_wall_line_width": "100%",
    "internal_solid_infill_line_width": "112%",
    "internal_solid_infill_speed": "300",
    "is_custom_defined": "0",
    "line_width": "112%",
    "name": "0.20mm Standard @Voron MB Velocidad",
    "only_one_wall_top": "1",
    "outer_wall_acceleration": "4000",
    "outer_wall_jerk": "10",
    "outer_wall_line_width": "105%",
    "outer_wall_speed": "100",
    "overhang_speed_classic": "1",
    "print_settings_id": "0.20mm Standard @Voron MB Velocidad",
    "slowdown_for_curled_perimeters": "1",
    "sparse_infill_line_width": "112%",
    "sparse_infill_speed": "300",
    "support_line_width": "95%",
    "support_type": "tree(auto)",
    "top_shell_layers": "6",
    "top_shell_thickness": "0",
    "top_solid_infill_flow_ratio": "0.8",
    "top_surface_acceleration": "5000",
    "top_surface_jerk": "15",
    "top_surface_line_width": "100%",
    "travel_acceleration": "15000",
    "travel_jerk": "15",
    "travel_speed": "500",
    "version": "2.0.2.0",
    "wall_loops": "4",
    "xy_hole_compensation": "0.1"
}
