{
    "bottom_shell_thickness": "0",
    "bottom_solid_infill_flow_ratio": "0.9",
    "bridge_speed": "25",
    "brim_object_gap": "0.1",
    "brim_type": "no_brim",
    "brim_width": "5",
    "default_acceleration": "5000",
    "default_jerk": "9",
    "detect_thin_wall": "0",
    "elefant_foot_compensation": "0",
    "exclude_object": "1",
    "from": "User",
    "gap_infill_speed": "100",
    "infill_jerk": "12",
    "inherits": "0.20mm Standard @FLSun Q5",
    "initial_layer_acceleration": "2000",
    "initial_layer_infill_speed": "100",
    "initial_layer_line_width": "95%",
    "initial_layer_speed": "100",
    "inner_wall_acceleration": "5000",
    "inner_wall_jerk": "7",
    "inner_wall_line_width": "100%",
    "inner_wall_speed": "200",
    "internal_bridge_speed": "70",
    "internal_solid_infill_line_width": "112%",
    "internal_solid_infill_speed": "200",
    "ironing_flow": "10%",
    "ironing_spacing": "0.15",
    "ironing_speed": "30",
    "is_custom_defined": "0",
    "line_width": "112%",
    "minimum_sparse_infill_area": "15",
    "name": "Standard @ Doron MB",
    "only_one_wall_top": "1",
    "outer_wall_acceleration": "3000",
    "outer_wall_jerk": "7",
    "outer_wall_line_width": "105%",
    "outer_wall_speed": "120",
    "overhang_1_4_speed": "80%",
    "overhang_2_4_speed": "50",
    "overhang_3_4_speed": "30",
    "overhang_speed_classic": "1",
    "print_settings_id": "Standard @ Doron MB",
    "skirt_distance": "2",
    "skirt_loops": "0",
    "slowdown_for_curled_perimeters": "1",
    "sparse_infill_line_width": "112%",
    "sparse_infill_speed": "200",
    "support_base_pattern_spacing": "2.5",
    "support_interface_bottom_layers": "2",
    "support_line_width": "95%",
    "support_speed": "150",
    "support_style": "default",
    "support_type": "tree(auto)",
    "top_shell_layers": "6",
    "top_shell_thickness": "0",
    "top_solid_infill_flow_ratio": "0.8",
    "top_surface_acceleration": "3000",
    "top_surface_line_width": "100%",
    "top_surface_speed": "100",
    "travel_acceleration": "7000",
    "travel_speed": "500",
    "version": "2.1.1.0",
    "wall_loops": "4",
    "xy_hole_compensation": "0.1"
}
