{
    "bridge_acceleration": "3000",
    "bridge_angle": "45",
    "bridge_speed": "60",
    "brim_object_gap": "0.07",
    "brim_type": "no_brim",
    "default_acceleration": "35000",
    "default_jerk": "20",
    "ensure_vertical_shell_thickness": "ensure_moderate",
    "filename_format": "{input_filename_base}_{filament_type[0]}_{print_time}.gcode",
    "from": "User",
    "gap_infill_speed": "350",
    "infill_jerk": "20",
    "inherits": "0.20mm Standard @MyKlipper",
    "initial_layer_acceleration": "10000",
    "initial_layer_infill_speed": "130",
    "initial_layer_jerk": "15",
    "initial_layer_line_width": "110%",
    "initial_layer_speed": "130",
    "initial_layer_travel_speed": "500",
    "inner_wall_acceleration": "15000",
    "inner_wall_jerk": "10",
    "inner_wall_line_width": "100%",
    "inner_wall_speed": "400",
    "internal_bridge_speed": "120",
    "internal_solid_infill_speed": "500",
    "is_custom_defined": "0",
    "name": "Standard UHF - AWD 0.4 PLA v3",
    "only_one_wall_top": "1",
    "outer_wall_acceleration": "10000",
    "outer_wall_jerk": "10",
    "outer_wall_speed": "400",
    "overhang_2_4_speed": "60",
    "overhang_3_4_speed": "40",
    "overhang_4_4_speed": "20",
    "overhang_speed_classic": "1",
    "print_settings_id": "Standard UHF - AWD 0.4 PLA v3",
    "raft_first_layer_expansion": "1",
    "seam_gap": "5%",
    "skirt_speed": "0",
    "small_area_infill_flow_compensation": "1",
    "small_perimeter_speed": "300",
    "sparse_infill_density": "10%",
    "sparse_infill_speed": "500",
    "support_base_pattern_spacing": "2",
    "support_bottom_z_distance": "0.115",
    "support_interface_pattern": "rectilinear",
    "support_interface_speed": "150",
    "support_line_width": "95%",
    "support_style": "grid",
    "support_top_z_distance": "0.15",
    "top_shell_layers": "5",
    "top_shell_thickness": "0",
    "top_solid_infill_flow_ratio": "0.85",
    "top_surface_acceleration": "10000",
    "top_surface_jerk": "20",
    "top_surface_line_width": "95%",
    "top_surface_speed": "160",
    "travel_acceleration": "55000",
    "travel_jerk": "50",
    "travel_speed": "1200",
    "tree_support_branch_diameter_organic": "6",
    "tree_support_tip_diameter": "1",
    "version": "1.6.1.0",
    "xy_hole_compensation": "0.1"
}
