{
    "bottom_shell_layers": "4",
    "bridge_acceleration": "3000",
    "bridge_angle": "45",
    "bridge_no_support": "1",
    "bridge_speed": "100",
    "brim_object_gap": "0.07",
    "brim_type": "no_brim",
    "default_acceleration": "35000",
    "default_jerk": "20",
    "ensure_vertical_shell_thickness": "ensure_moderate",
    "filename_format": "{input_filename_base}_{filament_type[0]}_{print_time}.gcode",
    "from": "User",
    "gap_infill_speed": "120",
    "infill_jerk": "40",
    "inherits": "0.20mm Standard @MyKlipper",
    "initial_layer_acceleration": "10000",
    "initial_layer_infill_speed": "120",
    "initial_layer_jerk": "15",
    "initial_layer_line_width": "110%",
    "initial_layer_speed": "120",
    "initial_layer_travel_speed": "500",
    "inner_wall_acceleration": "8000",
    "inner_wall_jerk": "15",
    "inner_wall_line_width": "100%",
    "inner_wall_speed": "120",
    "internal_bridge_speed": "100",
    "internal_solid_infill_speed": "120",
    "is_custom_defined": "0",
    "name": "Standard UHF - AWD 0.4 TPU",
    "only_one_wall_top": "1",
    "outer_wall_acceleration": "6000",
    "outer_wall_jerk": "15",
    "overhang_speed_classic": "1",
    "print_settings_id": "Standard UHF - AWD 0.4 TPU",
    "role_based_wipe_speed": "0",
    "skirt_speed": "0",
    "small_area_infill_flow_compensation": "1",
    "small_perimeter_speed": "120",
    "sparse_infill_density": "30%",
    "sparse_infill_speed": "120",
    "support_base_pattern_spacing": "2",
    "support_bottom_z_distance": "0.115",
    "support_interface_pattern": "rectilinear",
    "support_interface_speed": "150",
    "support_line_width": "95%",
    "support_speed": "100",
    "support_style": "tree_hybrid",
    "support_type": "tree(auto)",
    "top_shell_layers": "5",
    "top_shell_thickness": "0",
    "top_surface_acceleration": "8000",
    "top_surface_jerk": "20",
    "top_surface_line_width": "95%",
    "top_surface_speed": "120",
    "travel_acceleration": "35000",
    "travel_jerk": "50",
    "travel_speed": "1000",
    "tree_support_branch_diameter_organic": "6",
    "tree_support_tip_diameter": "1",
    "version": "1.6.1.0",
    "wall_loops": "4",
    "xy_hole_compensation": "0.1"
}
