{
    "bottom_shell_layers": "6",
    "bridge_acceleration": "3000",
    "bridge_no_support": "1",
    "brim_object_gap": "0.07",
    "brim_type": "no_brim",
    "default_acceleration": "45000",
    "default_jerk": "20",
    "enable_arc_fitting": "1",
    "enable_overhang_speed": "0",
    "ensure_vertical_shell_thickness": "ensure_moderate",
    "filename_format": "{input_filename_base}_{filament_type[0]}_{print_time}.gcode",
    "from": "User",
    "gap_infill_speed": "300",
    "infill_jerk": "40",
    "inherits": "0.20mm Standard @MyKlipper",
    "initial_layer_acceleration": "10000",
    "initial_layer_infill_speed": "100",
    "initial_layer_jerk": "15",
    "initial_layer_line_width": "0.38",
    "initial_layer_speed": "100",
    "initial_layer_travel_speed": "500",
    "inner_wall_acceleration": "20000",
    "inner_wall_jerk": "30",
    "inner_wall_line_width": "0.4",
    "inner_wall_speed": "300",
    "internal_bridge_speed": "100",
    "internal_solid_infill_line_width": "0.45",
    "internal_solid_infill_speed": "500",
    "is_custom_defined": "0",
    "line_width": "0.45",
    "min_length_factor": "10",
    "name": "Standard UHF - AWD 0.4 PLA zPortaCelu",
    "only_one_wall_top": "1",
    "outer_wall_acceleration": "10000",
    "outer_wall_jerk": "15",
    "outer_wall_line_width": "0.42",
    "outer_wall_speed": "200",
    "overhang_2_4_speed": "60",
    "overhang_3_4_speed": "40",
    "overhang_4_4_speed": "20",
    "print_settings_id": "Standard UHF - AWD 0.4 PLA zPortaCelu",
    "role_based_wipe_speed": "0",
    "seam_gap": "5%",
    "skirt_speed": "0",
    "small_area_infill_flow_compensation": "1",
    "small_perimeter_speed": "250",
    "sparse_infill_density": "0%",
    "sparse_infill_pattern": "3dhoneycomb",
    "sparse_infill_speed": "500",
    "support_base_pattern_spacing": "2",
    "support_bottom_z_distance": "0.115",
    "support_interface_pattern": "rectilinear",
    "support_interface_speed": "150",
    "support_line_width": "0.38",
    "support_speed": "100",
    "support_type": "tree(auto)",
    "top_shell_layers": "6",
    "top_shell_thickness": "0",
    "top_solid_infill_flow_ratio": "0.9",
    "top_surface_acceleration": "10000",
    "top_surface_jerk": "20",
    "top_surface_line_width": "0.38",
    "top_surface_speed": "120",
    "travel_acceleration": "55000",
    "travel_jerk": "50",
    "travel_speed": "1000",
    "tree_support_branch_diameter_organic": "6",
    "tree_support_tip_diameter": "1",
    "version": "1.6.1.0",
    "wall_sequence": "inner-outer-inner wall",
    "xy_hole_compensation": "0.1"
}
